{"Train loss": 1.0330728440994112, "_runtime": 3879, "_timestamp": 1623275286, "_step": 19, "Val loss": 1.0330721637813927}