{"Train loss": 1.9120429754257202, "_runtime": 401, "_timestamp": 1623367646, "_step": 1, "Val loss": 1.9120429754257202}