{"Train loss": 0.6702942130516563, "_runtime": 4226, "_timestamp": 1623401350, "_step": 35, "Val loss": 1.264562318238019}