{"Train loss": 0.5422067598031105, "_runtime": 8915, "_timestamp": 1623357765, "_step": 49, "Val loss": 0.5422073380734265}