{"Train loss": 1.0808279034884531, "_runtime": 6217, "_timestamp": 1623409047, "_step": 49, "Val loss": 1.3779381225619949}