{"Train loss": 1.8927360268121496, "Train Accuracy": 0.2513149186666202, "_runtime": 259, "_timestamp": 1623512204, "_step": 3, "Val loss": 1.894514515925397, "Val Accuracy": 0.24714405126776262}