{"Train loss": 0.4683994650840759, "_runtime": 3064, "_timestamp": 1623267301, "_step": 19, "Val loss": 0.4683994650840759}