{"Train loss": 1.8924111069263994, "Train Accuracy": 0.2513149186666202, "_runtime": 212, "_timestamp": 1623511918, "_step": 3, "Val loss": 1.8941085445545416, "Val Accuracy": 0.24714405126776262}