{"Train loss": 1.2449368011773312, "_runtime": 2227, "_timestamp": 1623370558, "_step": 13, "Val loss": 1.3126247572878935}