{"Train loss": 1.9482980966567993, "_runtime": 1896, "_timestamp": 1623260554, "_step": 19, "Val loss": 1.9482980966567993}