{"Train loss": 1.8913540287888815, "Train Accuracy": 0.2513149186666202, "_runtime": 179, "_timestamp": 1623512560, "_step": 3, "Val loss": 1.8936869275041794, "Val Accuracy": 0.24714405126776262}