{"Train loss": 0.09469775953588161, "Train Accuracy": 0.968685777979031, "_runtime": 75753, "_timestamp": 1623611458, "_step": 35, "Val loss": 1.858304019225411, "Val Accuracy": 0.6380607411535246}