{"Train loss": 1.9695065021514893, "_runtime": 411, "_timestamp": 1623270948, "_step": 1, "Val loss": 1.9695065021514893}