{"Train loss": 0.6046442045612874, "_runtime": 7376, "_timestamp": 1623418653, "_step": 47, "Val loss": 1.3082538986312344}