{"Train loss": 1.8109405750374448, "Train Accuracy": 0.2513149186666202, "_runtime": 38152, "_timestamp": 1623650499, "_step": 11, "Val loss": 1.8145664541393842, "Val Accuracy": 0.24714405126776262}