{"Train loss": 1.894271640644049, "Train Accuracy": 0.2513149186666202, "_runtime": 271, "_timestamp": 1623655745, "_step": 3, "Val loss": 1.8972691078643076, "Val Accuracy": 0.24714405126776262}