{"Train loss": 1.880293846130371, "_runtime": 1538, "_timestamp": 1623258537, "_step": 15, "Val loss": 1.880293846130371}