{"Train loss": 1.8931986430648926, "Train Accuracy": 0.2513149186666202, "_runtime": 415, "_timestamp": 1623656245, "_step": 2, "Val loss": 1.9000295499268598, "Val Accuracy": 0.24714405126776262}