{"Train loss": 1.8097364121442754, "_runtime": 1056, "_timestamp": 1623402603, "_step": 7, "Val loss": 1.813142561254876}