{"Train loss": 1.6620623650249051, "_runtime": 8635, "_timestamp": 1623453706, "_step": 3, "Val loss": 1.6652232733700194}