{"Train loss": 0.34626101979126755, "Train Accuracy": 0.8869344108119405, "_runtime": 20381, "_timestamp": 1623527260, "_step": 19, "Val loss": 1.175147668004667, "Val Accuracy": 0.6294232376706603}