{"Train loss": 1.895008425058344, "Train Accuracy": 0.2513149186666202, "_runtime": 395, "_timestamp": 1623430335, "_step": 1, "Val loss": 1.8967908942689469, "Val Accuracy": 0.24714405126776262}