{"Train loss": 1.8922438847573932, "Train Accuracy": 0.2513149186666202, "_runtime": 250, "_timestamp": 1623510442, "_step": 3, "Val loss": 1.894866611738994, "Val Accuracy": 0.24714405126776262}