{"Train loss": 1.012033533147271, "_runtime": 2979, "_timestamp": 1623347697, "_step": 19, "Val loss": 1.0120327167656484}