{"Train loss": 1.8942497344038456, "Train Accuracy": 0.2513149186666202, "_runtime": 180, "_timestamp": 1623509889, "_step": 0}